{	"00006B": "株式会社アイ・エス・ビー",
	"000056": "株式会社iND",
	"000087": "株式会社アイ・オー・データ機器",
	"000068": "アイシン精機株式会社",
	"0000AC": "IDEC株式会社",
	"00002F": "アイホン株式会社",
	"000096": "アズビル株式会社",
	"000038": "アドソル日進株式会社",
	"000079": "アンリツエンジニアリング株式会社",
	"00007F": "アンリツカスタマーサポート株式会社",
	"0000AB": "株式会社イーフロー",
	"000077": "学校法人幾徳学園　神奈川工科大学",
	"00004D": "因幡電機産業株式会社",
	"000081": "岩崎通信機株式会社",
	"0000B1": "株式会社インターネットイニシアティブ",
	"00002C": "株式会社AFT",
	"0000D3": "株式会社エディオン",
	"0000C7": "LG Electronics Inc.",
	"0000C0": "LG Electronics Japan Inc.",
	"000092": "LSIS Co., LTD.",
	"00007E": "SMK株式会社",
	"000072": "株式会社エナリス",
	"000073": "NECアクセステクニカ株式会社",
	"000091": "NECエンジニアリング株式会社",
	"0000B2": "株式会社エヌエフ回路設計ブロック",
	"0000A0": "NTTアドバンステクノロジ株式会社",
	"000023": "NTTコムウェア株式会社",
	"000061": "NTTデータ先端技術株式会社",
	"000041": "株式会社エネゲート",
	"0000B9": "エネルギー需要開発有限責任事業組合",
	"0000A6": "株式会社エプコ",
	"000057": "エリーパワー株式会社",
	"000012": "大井電気株式会社",
	"00006A": "岡谷鋼機株式会社",
	"000048": "沖電気工業株式会社",
	"000052": "大崎電気工業株式会社",
	"000064": "オムロン株式会社",
	"0000A9": "オンキョーディベロップメント＆マニュファクチャリング株式会社",
	"00009B": "株式会社ガスター",
	"000063": "河村産業株式会社",
	"00009A": "関西電力株式会社",
	"0000C9": "菊水電テ工業株式会社",
	"0000BF": "九州電力株式会社",
	"00008C": "九電テクノシステムズ株式会社",
	"00003B": "京セラ株式会社",
	"00008F": "株式会社グラモ",
	"0000C6": "コハダ株式会社",
	"000067": "株式会社コロナ",
	"00006E": "株式会社サウンドビジョン",
	"000093": "佐鳥電機株式会社",
	"0000BA": "三協立山株式会社",
	"000039": "サンデンホールディンゲス株式会社",
	"0000C5": "三和シャッター工業株式会社",
	"000070": "株式会社シーイーシー",
	"00002E": "四国計測工業株式会社",
	"0000AE": "四国電力株式会社",
	"00009F": "株式会社GSユアサ",
	"00005E": "株式会社GWソーラー",
	"000005": "シャープ株式会社",
	"0000CA": "株式会社ジェイエスピー",
	"0000A7": "株式会社ジェルシステム",
	"0000CE": "新電元工業株式会社",
	"00007A": "図研エルミック株式会社",
	"0000A8": "株式会社スマートパワーシステム",
	"000066": "住友精密工業株式会社",
	"00003D": "住友電気工業株式会社",
	"00003E": "住友電工ネットワークス株式会社",
	"00003A": "積水ハウス株式会社",
	"000060": "株式会社ソニーコンピュータサイエンス研究所",
	"000008": "ダイキン工業株式会社",
	"000015": "株式会社ダイキンシステムソリューションズ研究所",
	"00004F": "大和ハウス工業株式会社",
	"00009C": "ダイヤモンド電機株式会社",
	"0000AF": "タカラスタンダード株式会社",
	"0000D1": "株式会社たけびし",
	"000080": "国淵電機株式会社",
	"0000B5": "中国電力株式会社",
	"0000A3": "中部電力株式会社",
	"0000D2": "長府工産株式会社",
	"000045": "TIS株式会社",
	"000076": "株式会社TSP",
	"000088": "株式会社長府製作所",
	"0000C1": "通研電気工業株式会社",
	"0000D0": "株式会社椿本チェイン",
	"0000AD": "デルタ電子株式会社",
	"0000BE": "株式会社デンケン",
	"00003C": "株式会社デンソー",
	"0000AA": "株式会社テンフィートライト",
	"000099": "東京電力ホールディンゲス株式会社",
	"000085": "東光高岳株式会社",
	"000035": "東光東芝メーターシステムズ株式会社",
	"000016": "株式会社東芝",
	"000017": "東芝キャリア株式会社",
	"000043": "東芝デジタルメディアエンジアリンゲ株式会社",
	"000069": "東芝ライフスタイル株式会社",
	"00001B": "東芝ライテック株式会社",
	"000050": "TOTO株式会社",
	"0000B3": "特定非営利活動法人TOPPERSプロジェクト",
	"0000BC": "東北電力株式会社",
	"0000CD": "トクラス株式会社",
	"00005C": "トランスブート株式会社",
	"0000B0": "ナルテック株式会社",
	"000086": "西日本電信電話株式会社",
	"00006C": "ニチコン株式会社",
	"0000A5": "株式会社ニチベイ",
	"000036": "株式会社日新システムズ",
	"0000B7": "日東工業株式会社",
	"000009": "日本電気株式会社",
	"0000C3": "日本電気計器検定所",
	"00008D": "日本電信電話株式会社",
	"000071": "株式会社日本産業",
	"00007C": "日本システムウエア株式会社",
	"000054": "株式会社ノーリツ",
	"000082": "パーパス株式会社",
	"00006F": "株式会社バッファロー",
	"00000B": "パナソニック株式会社",
	"00000D": "パナソニックシステムネットワークス株式会社",
	"00007D": "POWERTECH INDUSTRIAL CO., LTD.",
	"000047": "東日本電信電話株式会社",
	"000001": "株式会社日立製作所",
	"000022": "目立アブライアンス株式会社",
	"00005F": "株式会社目立ケーいーシステムズ",
	"000044": "株式会社目立産機システム",
	"0000CC": "日立ジョンソンコントロールズ空調株式会社",
	"000040": "株式会社目立ハイテクソリューションズ",
	"000078": "目立マクセル株式会社",
	"000055": "株式会社ファミリーネットジャパン",
	"0000B4": "ファーアールエナジー株式会社",
	"000051": "富士アイテイ株式会社",
	"00004E": "富士通株式会社",
	"000090": "富士通コンポーネント株式会社",
	"00008A": "株式会社富士通ゼネラル",
	"0000CB": "富士電機株式会社",
	"0000B6": "文化シャッター株式会社",
	"0000BB": "北陸電力株式会社",
	"000089": "北海道電機株式会社",
	"0000B8": "北海道電力株式会社",
	"0000A1": "株式会社本田技術研究所",
	"0000A4": "マイクロテクノロジー株式会社",
	"000006": "三菱電機株式会社",
	"000034": "三菱電機エンジニアリング株式会社",
	"00004B": "株式会社宮川製作所",
	"000097": "株式会社未来技術研究所",
	"000058": "株式会社メディオテック",
	"000083": "株式会社メルコテクノ横浜",
	"00009E": "株式会社安川電機",
	"00008E": "ヤマハ株式会社",
	"000095": "大和電器株式会社",
	"000053": "株式会社ユビキタス",
	"000025": "株式会社LIXIL",
	"000075": "リコーITソリューションズ株式会社",
	"000059": "リンナイ株式会社",
	"0000A2": "ルネサスエレクトロニクス株式会社",
	"0000CF": "レックス陣式会社",
	"000084": "ローム株式会社",
	"0000FC": "富士工業株式会社"
}
