{"version":"1.12","date":"2016/9/1","elObjects":{
"0x0EF0":{"objectName":"ノードプロファイル","epcs":{"0x80":{"epcName":"動作状態","epcSize":1,"accessModeSet":"optional","accessModeGet":"required","accessModeAnno":"required","edt":[{"elementName":"動作状態","elementSize":1,"repeatCount":1,"content":{"keyValues":{"0x30":"ON", "0x31":"OFF"}}}]},
"0x82":{"epcName":"Version情報","epcSize":4,"accessModeSet":"notApplicable","accessModeGet":"required","accessModeAnno":"notApplicable","edt":[{"elementName":"Version情報","elementSize":4,"repeatCount":1,"content":{"others":"referSpec"}}]},
"0x83":{"epcName":"識別番号","epcSize":17,"accessModeSet":"notApplicable","accessModeGet":"required","accessModeAnno":"notApplicable","edt":[{"elementName":"識別番号","elementSize":17,"repeatCount":1,"content":{"others":"referSpec"}}]},
"0x88":{"epcName":"異常発生状態","epcSize":1,"accessModeSet":"notApplicable","accessModeGet":"optional","accessModeAnno":"notApplicable","edt":[{"elementName":"異常発生状態","elementSize":1,"repeatCount":1,"content":{"keyValues":{"0x41":"有", "0x42":"無"}}}]},
"0x89":{"epcName":"異常内容","epcSize":2,"accessModeSet":"notApplicable","accessModeGet":"optional","accessModeAnno":"notApplicable","edt":[{"elementName":"異常内容","elementSize":2,"repeatCount":1,"content":{"others":"referSpec"}}]},
"0x8A":{"epcName":"メーカコード","epcSize":3,"accessModeSet":"notApplicable","accessModeGet":"required","accessModeAnno":"notApplicable","edt":[{"elementName":"メーカコード","elementSize":3,"repeatCount":1,"content":{"others":"referSpec"}}]},
"0x8B":{"epcName":"事業場コード","epcSize":3,"accessModeSet":"notApplicable","accessModeGet":"optional","accessModeAnno":"notApplicable","edt":[{"elementName":"事業場コード","elementSize":3,"repeatCount":1,"content":{"rawData":"binary"}}]},
"0x8C":{"epcName":"商品コード","epcSize":12,"accessModeSet":"notApplicable","accessModeGet":"optional","accessModeAnno":"notApplicable","edt":[{"elementName":"商品コード","elementSize":12,"repeatCount":1,"content":{"rawData":"binary"}}]},
"0x8D":{"epcName":"製造番号","epcSize":12,"accessModeSet":"notApplicable","accessModeGet":"optional","accessModeAnno":"notApplicable","edt":[{"elementName":"製造番号","elementSize":12,"repeatCount":1,"content":{"rawData":"binary"}}]},
"0x8E":{"epcName":"製造年月日","epcSize":4,"accessModeSet":"notApplicable","accessModeGet":"optional","accessModeAnno":"notApplicable","edt":[{"elementName":"製造年月日","elementSize":4,"repeatCount":1,"content":{"customType":"YYMD"}}]},
"0x9D":{"epcName":"状変アナウンスプロパティマップ","epcSize":17,"accessModeSet":"notApplicable","accessModeGet":"required","accessModeAnno":"notApplicable","edt":[{"elementName":"状変アナウンスプロパティマップ","elementSize":17,"repeatCount":1,"content":{"others":"referSpec"}}]},
"0x9E":{"epcName":"Setプロパティマップ","epcSize":17,"accessModeSet":"notApplicable","accessModeGet":"required","accessModeAnno":"notApplicable","edt":[{"elementName":"Setプロパティマップ","elementSize":17,"repeatCount":1,"content":{"others":"referSpec"}}]},
"0x9F":{"epcName":"Getプロパティマップ","epcSize":17,"accessModeSet":"notApplicable","accessModeGet":"required","accessModeAnno":"notApplicable","edt":[{"elementName":"Getプロパティマップ","elementSize":17,"repeatCount":1,"content":{"others":"referSpec"}}]},
"0xBF":{"epcName":"個体識別情報","epcSize":2,"accessModeSet":"optional","accessModeGet":"optional","accessModeAnno":"notApplicable","edt":[{"elementName":"個体識別情報","elementSize":2,"repeatCount":1,"content":{"rawData":"binary"}}]},
"0xD3":{"epcName":"自ノードインスタンス数","epcSize":3,"accessModeSet":"notApplicable","accessModeGet":"required","accessModeAnno":"notApplicable","edt":[{"elementName":"自ノードインスタンス数","elementSize":3,"repeatCount":1,"content":{"numericValue":{"integerType":"Unsigned", "min":1, "max":16777215}}}]},
"0xD4":{"epcName":"自ノードクラス数","epcSize":2,"accessModeSet":"notApplicable","accessModeGet":"required","accessModeAnno":"notApplicable","edt":[{"elementName":"自ノードクラス数","elementSize":2,"repeatCount":1,"content":{"numericValue":{"integerType":"Unsigned", "min":2, "max":65535}}}]},
"0xD5":{"epcName":"インスタンスリスト通知","epcSize":253,"accessModeSet":"notApplicable","accessModeGet":"optional","accessModeAnno":"required","edt":[{"elementName":"インスタンス総数","elementSize":1,"repeatCount":1,"content":{"numericValue":{"integerType":"Unsigned", "min":1, "max":254}, "keyValues":{"0xFF":"Overflow"}}},{"elementName":"インスタンスリスト","elementSize":252,"repeatCount":1,"content":{"others":"referSpec"}}]},
"0xD6":{"epcName":"自ノードインスタンスリストS","epcSize":253,"accessModeSet":"notApplicable","accessModeGet":"required","accessModeAnno":"notApplicable","edt":[{"elementName":"インスタンス総数","elementSize":1,"repeatCount":1,"content":{"numericValue":{"integerType":"Unsigned", "min":1, "max":254}, "keyValues":{"0xFF":"Overflow"}}},{"elementName":"インスタンスリスト","elementSize":252,"repeatCount":1,"content":{"others":"referSpec"}}]},
"0xD7":{"epcName":"自ノードクラスリストS","epcSize":17,"accessModeSet":"notApplicable","accessModeGet":"required","accessModeAnno":"notApplicable","edt":[{"elementName":"クラス総数","elementSize":1,"repeatCount":1,"content":{"numericValue":{"integerType":"Unsigned", "min":1, "max":254}, "keyValues":{"0xFF":"Overflow"}}},{"elementName":"クラスリスト","elementSize":16,"repeatCount":1,"content":{"others":"referSpec"}}]}}}
}
}