{"version":"I","date":"2017/4/18","elObjects":{
"0x0000":{"objectName":"スーパークラス","epcs":{"0x80":{"epcName":"動作状態","epcSize":1,"accessModeSet":"optional","accessModeGet":"required","accessModeAnno":"required","edt":[{"elementName":"動作状態","elementSize":1,"repeatCount":1,"content":{"keyValues":{"0x30":"ON", "0x31":"OFF"}}}]},
"0x81":{"epcName":"設置場所","epcSize":1,"accessModeSet":"required","accessModeGet":"required","accessModeAnno":"required","edt":[{"elementName":"設置場所","elementSize":1,"repeatCount":1,"content":{"keyValues":{"0x00":"未設定", "0xFF":"不定"}, "others":"referSpec"}}]},
"0x82":{"epcName":"規格Version情報","epcSize":4,"accessModeSet":"notApplicable","accessModeGet":"required","accessModeAnno":"notApplicable","edt":[{"elementName":"規格Version情報","elementSize":4,"repeatCount":1,"content":{"others":"referSpec"}}]},
"0x83":{"epcName":"識別番号","epcSize":17,"accessModeSet":"notApplicable","accessModeGet":"optional","accessModeAnno":"notApplicable","edt":[{"elementName":"識別番号","elementSize":17,"repeatCount":1,"content":{"others":"referSpec"}}]},
"0x84":{"epcName":"瞬時消費電力計測値","epcSize":2,"accessModeSet":"notApplicable","accessModeGet":"optional","accessModeAnno":"notApplicable","edt":[{"elementName":"瞬時消費電力計測値","elementSize":2,"repeatCount":1,"content":{"numericValue":{"integerType":"Unsigned", "unit":"W", "min":0, "max":65533}}}]},
"0x85":{"epcName":"積算消費電力計測値","epcSize":4,"accessModeSet":"notApplicable","accessModeGet":"optional","accessModeAnno":"notApplicable","edt":[{"elementName":"積算消費電力計測値","elementSize":4,"repeatCount":1,"content":{"numericValue":{"integerType":"Unsigned", "magnification":-3, "unit":"kWh", "min":0, "max":999999999}}}]},
"0x86":{"epcName":"メーカ異常コード","epcSize":225,"accessModeSet":"notApplicable","accessModeGet":"optional","accessModeAnno":"notApplicable","edt":[{"elementName":"メーカ異常コード","elementSize":225,"repeatCount":1,"content":{"rawData":"binary"}}]},
"0x87":{"epcName":"電流制限設定","epcSize":1,"accessModeSet":"optional","accessModeGet":"optional","accessModeAnno":"notApplicable","edt":[{"elementName":"電流制限設定","elementSize":1,"repeatCount":1,"content":{"numericValue":{"integerType":"Unsigned", "unit":"%", "min":0, "max":100}}}]},
"0x88":{"epcName":"異常発生状態","epcSize":1,"accessModeSet":"notApplicable","accessModeGet":"required","accessModeAnno":"required","edt":[{"elementName":"異常発生状態","elementSize":1,"repeatCount":1,"content":{"keyValues":{"0x41":"有", "0x42":"無"}}}]},
"0x89":{"epcName":"異常内容","epcSize":2,"accessModeSet":"notApplicable","accessModeGet":"optional","accessModeAnno":"notApplicable","edt":[{"elementName":"異常内容","elementSize":2,"repeatCount":1,"content":{"others":"referSpec"}}]},
"0x8A":{"epcName":"メーカコード","epcSize":3,"accessModeSet":"notApplicable","accessModeGet":"required","accessModeAnno":"notApplicable","edt":[{"elementName":"メーカコード","elementSize":3,"repeatCount":1,"content":{"keyValues":{"0xFFFFFF":"実験", "0xFFFFFE":"不定"}, "others":"referSpec"}}]},
"0x8B":{"epcName":"事業場コード","epcSize":3,"accessModeSet":"notApplicable","accessModeGet":"optional","accessModeAnno":"notApplicable","edt":[{"elementName":"事業場コード","elementSize":3,"repeatCount":1,"content":{"rawData":"binary"}}]},
"0x8C":{"epcName":"商品コード","epcSize":12,"accessModeSet":"notApplicable","accessModeGet":"optional","accessModeAnno":"notApplicable","edt":[{"elementName":"商品コード","elementSize":12,"repeatCount":1,"content":{"rawData":"ASCII"}}]},
"0x8D":{"epcName":"製造番号","epcSize":12,"accessModeSet":"notApplicable","accessModeGet":"optional","accessModeAnno":"notApplicable","edt":[{"elementName":"製造番号","elementSize":12,"repeatCount":1,"content":{"rawData":"ASCII"}}]},
"0x8E":{"epcName":"製造年月日","epcSize":4,"accessModeSet":"notApplicable","accessModeGet":"optional","accessModeAnno":"notApplicable","edt":[{"elementName":"製造年月日","elementSize":4,"repeatCount":1,"content":{"customType":"YYMD"}}]},
"0x8F":{"epcName":"節電動作設定","epcSize":1,"accessModeSet":"optional","accessModeGet":"optional","accessModeAnno":"notApplicable","edt":[{"elementName":"節電動作設定","elementSize":1,"repeatCount":1,"content":{"keyValues":{"0x41":"節電動作中", "0x42":"通常動作中"}}}]},
"0x93":{"epcName":"遠隔操作設定","epcSize":1,"accessModeSet":"optional","accessModeGet":"optional","accessModeAnno":"notApplicable","edt":[{"elementName":"遠隔操作設定","elementSize":1,"repeatCount":1,"content":{"keyValues":{"0x41":"公衆回線未経由操作", "0x42":"公衆回線経由操作", "0x61":"通信回線正常（公衆回線経由の操作不可", "0x62":"通信回線正常（公衆回線経由の操作可能"}}}]},
"0x97":{"epcName":"現在時刻設定","epcSize":2,"accessModeSet":"optional","accessModeGet":"optional","accessModeAnno":"notApplicable","edt":[{"elementName":"現在時刻設定","elementSize":2,"repeatCount":1,"content":{"customType":"HM"}}]},
"0x98":{"epcName":"現在年月日設定","epcSize":4,"accessModeSet":"optional","accessModeGet":"optional","accessModeAnno":"notApplicable","edt":[{"elementName":"現在年月日設定","elementSize":4,"repeatCount":1,"content":{"customType":"YYMD"}}]},
"0x99":{"epcName":"電力制限設定","epcSize":2,"accessModeSet":"optional","accessModeGet":"optional","accessModeAnno":"notApplicable","edt":[{"elementName":"電力制限設定","elementSize":2,"repeatCount":1,"content":{"numericValue":{"integerType":"Unsigned", "unit":"W", "min":0, "max":65535}}}]},
"0x9A":{"epcName":"積算運転時間","epcSize":5,"accessModeSet":"notApplicable","accessModeGet":"optional","accessModeAnno":"notApplicable","edt":[{"elementName":"時間の単位","elementSize":1,"repeatCount":1,"content":{"keyValues":{"0x41":"Second", "0x42":"Minute", "0x43":"Hour", "0x44":"Day"}}},{"elementName":"経過時間","elementSize":4,"repeatCount":1,"content":{"numericValue":{"integerType":"Unsigned", "min":0, "max":4294967295}}}]},
"0x9D":{"epcName":"状変アナウンスプロパティマップ","epcSize":17,"accessModeSet":"notApplicable","accessModeGet":"required","accessModeAnno":"notApplicable","edt":[{"elementName":"状変アナウンスプロパティマップ","elementSize":17,"repeatCount":1,"content":{"others":"referSpec"}}]},
"0x9E":{"epcName":"Setプロパティマップ","epcSize":17,"accessModeSet":"notApplicable","accessModeGet":"required","accessModeAnno":"notApplicable","edt":[{"elementName":"Setプロパティマップ","elementSize":17,"repeatCount":1,"content":{"others":"referSpec"}}]},
"0x9F":{"epcName":"Getプロパティマップ","epcSize":17,"accessModeSet":"notApplicable","accessModeGet":"required","accessModeAnno":"notApplicable","edt":[{"elementName":"Getプロパティマップ","elementSize":17,"repeatCount":1,"content":{"others":"referSpec"}}]}}}
}
}