<?xml version="1.0" encoding="utf-8"?>
<Package
   xmlns="http://schemas.microsoft.com/appx/manifest/foundation/windows10"
   xmlns:uap="http://schemas.microsoft.com/appx/manifest/uap/windows10"
   xmlns:rescap="http://schemas.microsoft.com/appx/manifest/foundation/windows10/restrictedcapabilities">
  <Identity Name="Dept.ofHomeElectronicsKAI.PLIS"
    ProcessorArchitecture="x64"
    Publisher="CN=C750459E-8B61-41D7-B726-8ED587655544"
    Version="1.1.5.0" />
  <Properties>
    <DisplayName>PLIS</DisplayName>
    <PublisherDisplayName>神奈川工科大学</PublisherDisplayName>
    <Description>Platform for Life Improvement and Support</Description>
    <Logo>assets\SampleAppx.50x50.png</Logo>
  </Properties>
  <Resources>
    <Resource Language="JA-JP" />
  </Resources>
  <Dependencies>
    <TargetDeviceFamily Name="Windows.Desktop" MinVersion="10.0.14316.0" MaxVersionTested="10.0.14316.0" />
  </Dependencies>
  <Capabilities>
    <rescap:Capability Name="runFullTrust"/>
  </Capabilities>
  <Applications>
    <Application Id="Dept.ofHomeElectronicsKAI.PLIS" Executable="app\PLIS.exe" EntryPoint="Windows.FullTrustApplication">
      <uap:VisualElements
       BackgroundColor="#464646"
       DisplayName="PLIS"
       Square150x150Logo="assets\SampleAppx.150x150.png"
       Square44x44Logo="assets\SampleAppx.44x44.png"
       Description="Open HEMS PLIS (Platform for Life Improvement and Support)">
        <uap:DefaultTile Wide310x150Logo="assets\SampleAppx.310x150.png" />
      </uap:VisualElements>
    </Application>
  </Applications>
</Package>
